EPID,CHARID
S01E001,AN
S01E001,CHU
S01E001,USI
S01E001,MM
S01E002,AN
S01E002,CHU
S01E002,USI
S01E002,TOM
S01E002,MM
S01E003,AN
S01E003,CHU
S01E003,USI
S01E003,MM
S01E003,FLW
S01E004,AN
S01E004,CHU
S01E004,USI
S01E004,LB
S01E004,BKG
S01E004,MM
S01E005,AN
S01E005,USI
S01E005,JAK
S01E005,MM
S01E006,AN
S01E006,CHU
S01E006,USI
S01E006,OB
S01E006,MYB
S01E006,MM
S01E007,AN
S01E007,USI
S01E007,PTR
S01E007,OB
S01E007,MM
S01E008,AN
S01E008,CHU
S01E008,USI
S01E008,PIM
S01E008,OB
S01E008,MM
S01E009,AN
S01E009,CHU
S01E009,USI
S01E009,INTA
S01E009,NERF
S01E009,OB
S01E009,MM
S01E010,AN
S01E010,CHU
S01E010,USI
S01E010,MM
S01E010,TRIC
S01E010,KERN
S01E010,MFEM
S01E011,AN
S01E011,CHU
S01E011,USI
S01E011,BW
S01E011,MM
S01E012,AN
S01E012,CHU
S01E012,USI
S01E012,KROM
S01E012,MM
S01E013,AN
S01E013,CHU
S01E013,USI
S01E013,OB
S01E013,MM
S01E014,AN
S01E014,CHU
S01E014,USI
S01E014,GLEN
S01E014,SPAN
S01E014,MM
S01E014,KERN
S01E015,AN
S01E015,CHU
S01E015,USI
S01E015,DON
S01E015,OB
S01E015,MM
S01E016,AN
S01E016,CHU
S01E016,USI
S01E016,SPTX
S01E016,GLEN
S01E016,SPAN
S01E016,MM
S01E017,AN
S01E017,CHU
S01E017,USI
S01E017,DQ
S01E017,OB
S01E017,MM
S01E018,AN
S01E018,CHU
S01E018,USI
S01E018,BLEM
S01E018,OB
S01E018,MM
S01E019,AN
S01E019,CHU
S01E019,USI
S01E019,MRFL
S01E019,OB
S01E019,MM
S01E020,AN
S01E020,CHU
S01E020,USI
S01E020,SOUZ
S01E020,BUNG
S01E020,MM
S01E021,CHU
S01E021,USI
S01E021,TOM
S01E021,BKG
S01E021,MM
S01E022,AN
S01E022,CHU
S01E022,USI
S01E022,SARA
S01E022,SPAN
S01E022,MM
S01E022,MGRM
S01E023,AN
S01E023,CHU
S01E023,USI
S01E023,SOUL
S01E023,OB
S01E023,MM
S01E023,TRIC
S01E024,AN
S01E024,CHU
S01E024,USI
S01E024,SPTX
S01E024,BUNG
S01E024,MM
S01E024,TRIC
S01E025,AN
S01E025,CHU
S01E025,USI
S01E025,CRAW
S01E025,FLAP
S01E025,OB
S01E025,MM
S01E026,AN
S01E026,CHU
S01E026,USI
S01E026,HUNG
S01E026,OB
S01E026,MM
S01E027,AN
S01E027,CHU
S01E027,USI
S01E027,FLW
S01E027,GLEN
S01E027,SPAN
S01E027,PUDD
S01E027,REV
S01E027,SPIN
S01E027,MM
S01E027,TDW
S01E028,AN
S01E028,CHU
S01E028,USI
S01E028,ETER
S01E028,BKG
S01E028,MM
S01E029,AN
S01E029,CHU
S01E029,USI
S01E029,SCHL
S01E029,MM
S01E029,TRIC
S01E030,AN
S01E030,CHU
S01E030,USI
S01E030,UTER
S01E030,BUNG
S01E030,MM
S01E031,AN
S01E031,CHU
S01E031,USI
S01E031,BTRL
S01E031,GLEN
S01E031,SPAN
S01E031,SPIN
S01E031,MM
S01E031,TRIC
S01E032,AN
S01E032,CHU
S01E032,USI
S01E032,META
S01E032,SPAN
S01E032,GLEN
S01E032,SPIN
S01E032,MM
S01E033,AN
S01E033,CHU
S01E033,USI
S01E033,SPRT
S01E033,BUNG
S01E033,MM
S01E034,AN
S01E034,CHU
S01E034,USI
S01E034,CVP
S01E034,BVP
S01E034,OB
S01E034,MM
S01E035,AN
S01E035,CHU
S01E035,USI
S01E035,BW
S01E035,OB
S01E035,MM
S01E036,AN
S01E036,CHU
S01E036,USI
S01E036,MM
S01E036,TRIC
S01E036,CRG
S01E037,AN
S01E037,CHU
S01E037,USI
S01E037,TPIG
S01E037,OB
S01E037,MM
S01E037,CRG
S01E038,AN
S01E038,CHU
S01E038,USI
S01E038,TPIG
S01E038,SPAN
S01E038,GLEN
S01E038,MM
S01E038,CRG
S01E039,CHU
S01E039,USI
S01E039,CAN
S01E039,BUNG
S01E039,CRG
S01E040,AN
S01E040,CHU
S01E040,USI
S01E040,LEOK
S01E040,BUNG
S01E040,CRG
S01E040,MM
S01E041,AN
S01E041,CHU
S01E041,USI
S01E041,CLAX
S01E041,OB
S01E041,CRG
S01E041,MM
S01E042,AN
S01E042,CHU
S01E042,USI
S01E042,SPAN
S01E042,GLEN
S01E042,MM
S01E042,CRG
S01BON1,AN
S01BON1,CHU
S01BON1,USI
S01BON1,SPAN
S01BON1,GLEN
S01E043,AN
S01E043,CHU
S01E043,USI
S01E043,LOUI
S01E043,LOIS
S01E043,MM
S01E043,CRG
S01E044,AN
S01E044,CHU
S01E044,USI
S01E044,ARNO
S01E044,OB
S01E044,MM
S01E044,CRG
S01E045,AN
S01E045,CHU
S01E045,USI
S01E045,JEW
S01E045,OB
S01E045,MM
S01E045,CRG
S01E046,AN
S01E046,CHU
S01E046,USI
S01E046,ASS
S01E046,BUNG
S01E046,MM
S01E046,CRG
S01E047,AN
S01E047,CHU
S01E047,USI
S01E047,OB
S01E047,BLEM
S01E047,KROM
S01E047,FLW
S01E047,ASS
S01E047,MM
S01E047,CRG
S01E048,AN
S01E048,CHU
S01E048,USI
S01E048,DQ
S01E048,BLEM
S01E048,KELL
S01E048,MM
S01E048,CRG
S01E048,TRIC
S01E048,KERN
S01E049,AN
S01E049,CHU
S01E049,USI
S01E049,PPHL
S01E049,OB
S01E049,KROM
S01E049,FLW
S01E049,BTRL
S01E049,MM
S01E049,CRG
S01E050,AN
S01E050,CHU
S01E050,USI
S01E050,LB
S01E050,BLEM
S01E050,MM
S01E050,CRG
S01E051,AN
S01E051,CHU
S01E051,USI
S01E051,BRAG
S01E051,MM
S01E051,CRG
S01E051,TRIC
S01E051,KERN
S01E052,AN
S01E052,CHU
S01E052,USI
S01E052,BUNG
S01E052,MM
S01E052,CRG
S01E053,AN
S01E053,CHU
S01E053,USI
S01E053,TOM
S01E053,BLEM
S01E053,MM
S01E054,AN
S01E054,CHU
S01E054,USI
S01E054,WTCH
S01E054,OB
S01E054,KROM
S01E054,FLW
S01E054,MM
S01E054,CRG
S01E055,AN
S01E055,CHU
S01E055,USI
S01E055,METD
S01E055,SPAN
S01E055,GORG
S01E055,MM
S01E055,CRG
S01E056,AN
S01E056,CHU
S01E056,USI
S01E056,CHAD
S01E056,MM
S01E056,CRG
S01E056,TRIC
S01E056,KERN
S01E057,AN
S01E057,CHU
S01E057,USI
S01E057,DREM
S01E057,MM
S01E057,CRG
S01E058,AN
S01E058,CHU
S01E058,USI
S01E058,MELC
S01E058,MM
S01E058,CRG
S01E059,AN
S01E059,CHU
S01E059,USI
S01E059,WARD
S01E059,MM
S01E059,CRG
S01E060,AN
S01E060,CHU
S01E060,USI
S01E060,COUR
S01E060,MM
S01E060,CRG
S01E061,AN
S01E061,CHU
S01E061,USI
S01E061,SHRF
S01E061,COUR
S01E061,KROM
S01E061,OB
S01E061,FLW
S01E061,BUNG
S01E061,CRG
S01E062,AN
S01E062,CHU
S01E062,USI
S01E062,CWW
S01E062,VMCS
S01E062,BKG
S01E062,MM
S01E062,CRG
S01E063,AN
S01E063,CHU
S01E063,USI
S01E063,JAK
S01E063,SWRD
S01E063,MM
S01E063,CRG
S01E064,AN
S01E064,CHU
S01E064,USI
S01E064,JTM
S01E064,MM
S01E064,CRG
S01E064,TRIC
S01E064,KERN
S01E065,AN
S01E065,CHU
S01E065,USI
S01E065,JOSH
S01E065,KROM
S01E065,OB
S01E065,FLW
S01E065,MM
S01E065,CRG
S01E066,AN
S01E066,CHU
S01E066,USI
S01E066,DD
S01E066,MM
S01E066,CRG
S01E067,AN
S01E067,CHU
S01E067,USI
S01E067,OOZE
S01E067,BLEM
S01E067,MM
S01E067,CRG
S01E068,AN
S01E068,CHU
S01E068,USI
S01E068,PTR
S01E068,BW
S01E068,BLEM
S01E068,MM
S01E068,CRG
S01E069,AN
S01E069,CHU
S01E069,USI
S01E069,NYMB
S01E069,GRUN
S01E069,BLEM
S01E069,MM
S01E070,AN
S01E070,CHU
S01E070,USI
S01E070,FIBR
S01E070,ALAB
S01E070,MM
S01E070,CRG
S01E071,AN
S01E071,CHU
S01E071,USI
S01E071,LYRC
S01E071,MM
S01E071,CRG
S01E072,AN
S01E072,CHU
S01E072,USI
S01E072,GRCE
S01E072,KROM
S01E072,OB
S01E072,FLW
S01E072,MM
S01E072,CRG
S01E073,AN
S01E073,CHU
S01E073,PZZA
S01E073,MELC
S01E073,SPRT
S01E073,LOUI
S01E073,LOIS
S01E073,DQ
S01E073,CRG
S01E074,AN
S01E074,CHU
S01E074,USI
S01E074,BLEM
S01E074,TRIC
S01E074,KERN
S01E074,MM
S01E074,CRG
S01E075,AN
S01E075,CHU
S01E075,USI
S01E075,GERM
S01E075,TRIC
S01E075,MM
S01E075,CRG
S01E076,AN
S01E076,CHU
S01E076,USI
S01E076,STGP
S01E076,MM
S01E076,CRG
S01E077,AN
S01E077,CHU
S01E077,USI
S01E077,BRAG
S01E077,SQBT
S01E077,STGP
S01E077,TRIC
S01E077,MM
S01E077,CRG
S01E078,AN
S01E078,CHU
S01E078,USI
S01E078,BNDT
S01E078,CRG
S01E079,AN
S01E079,CHU
S01E079,USI
S01E079,AXEL
S01E079,TPIG
S01E079,MM
S01E079,CRG
S01E080,AN
S01E080,CHU
S01E080,USI
S01E080,INTA
S01E080,NERF
S01E080,MM
S01E080,TRIC
S01E080,CRG
S01INT1,CWIL
S01INT1,WEND
S01INT1,UTB
S01INT1,EPIG
S01INT1,EBNG
S01INT1,MM
S01INT1,TRIC
S01INT1,CRG
S01E081,AN
S01E081,CHU
S01E081,USI
S01E081,SIRN
S01E081,RICH
S01E081,PILK
S01E081,MM
S01E081,CRG
S01E082,AN
S01E082,CHU
S01E082,USI
S01E082,SLB
S01E082,VLAD
S01E082,BRAD
S01E082,VCHD
S01E082,TAD
S01E082,THRN
S01E082,MM
S01E082,TRIC
S01E083,AN
S01E083,CHU
S01E083,PZZA
S01E083,CABL
S01E083,EPIG
S01E083,MM
S01E083,TRIC
S01E083,CRG
S01E084,AN
S01E084,CHU
S01E084,MGRM
S01E084,AMEM
S01E084,MM
S01E084,CRG
S01E085,AN
S01E085,CHU
S01E085,USI
S01E085,UNIC
S01E085,MM
S01E085,TRIC
S01E085,CRG
S01E086,AN
S01E086,CHU
S01E086,USI
S01E086,ROSS
S01E086,CRG
S01E087,AN
S01E087,CHU
S01E087,USI
S01E087,STGP
S01E087,FFFP
S01E087,ARNO
S01E087,MM
S01E087,CRG
S01E088,AN
S01E088,CHU
S01E088,USI
S01E088,PRKL
S01E088,BLEM
S01E088,MM
S01E088,CRG
S01E089,AN
S01E089,CHU
S01E089,USI
S01E089,JTR
S01E089,MM
S01E089,TRIC
S01E089,CRG
S01E090,AN
S01E090,CHU
S01E090,USI
S01E090,LBH
S01E090,MM
S01E091,AN
S01E091,CHU
S01E091,USI
S01E091,TRKY
S01E091,SPRT
S01E091,SHAN
S01E091,MM
S01E091,CRG
S01E092,AN
S01E092,CHU
S01E092,USI
S01E092,OB
S01E092,KROM
S01E092,FLW
S01E092,MM
S01E092,CRG
S01BON2,AN
S01BON2,CHU
S01BON2,USI
S01BON2,SPAN
S01BON2,CRG
S01E093,AN
S01E093,CHU
S01E093,USI
S01E093,GLF
S01E093,MM
S01E093,CRG
S01E094,SARA
S01E094,CHU
S01E094,USI
S01E094,CAN
S01E094,MM
S01E094,CRG
S01E095,AN
S01E095,CHU
S01E095,USI
S01E095,TOM
S01E095,MM
S01E095,CRG
S01E096,AN
S01E096,CHU
S01E096,USI
S01E096,CLAX
S01E096,OOZE
S01E096,MM
S01E096,CRG
S01E097,AN
S01E097,CHU
S01E097,USI
S01E097,KBLD
S01E097,BLEM
S01E097,MM
S01E097,CRG
S01E098,AN
S01E098,CHU
S01E098,USI
S01E098,BLEM
S01E098,TLBT
S01E098,CRG
S01E098,TRIC
S01E099,AN
S01E099,CHU
S01E099,USI
S01E099,TBLA
S01E099,ERIN
S01E099,MM
S01E099,CRG
S01E100,AN
S01E100,CHU
S01E100,USI
S01E100,PIM
S01E100,GERM
S01E100,EPIG
S01E100,SQBT
S01E100,BRAG
S01E100,BLEM
S01E100,MM
S01E100,CRG
S01E100,TRIC
S01E100,LORD
S01INT2,SARA
S01INT2,ADAL
S01INT2,INTA
S01INT2,NERF
S01INT2,GREG
S01INT2,BARB
S01INT2,MM
S01INT2,CRG
S01INT3,ANC
S01INT3,CTH
S01INT3,UTC
S01INT3,MQBT
S01INT3,MM
S01INT3,CRG
S01INT4,ARNO
S01INT4,SOUL
S01INT4,AXEL
S01INT4,CHAB
S01INT4,BUNB
S01INT4,PTR
S01INT4,BW
S01INT4,META
S01INT4,MM
S01INT4,CRG
S01INT4,TRIC
S02E001,AN
S02E001,CHU
S02E001,USI
S02E001,BRAG
S02E001,BLEM
S02E001,MM
S02E002,AN
S02E002,CHU
S02E002,USI
S02E002,LB
S02E002,BUNG
S02E002,MM
S02E003,AN
S02E003,CHU
S02E003,USI
S02E003,HOOF
S02E003,GLOB
S02E003,MM
S02E003,CRG
S02E004,AN
S02E004,CHU
S02E004,USI
S02E004,SHRF
S02E004,MM
S02E004,CRG
S02E005,AN
S02E005,CHU
S02E005,USI
S02E005,BRAG
S02E005,JAYM
S02E005,SAYM
S02E005,MM
S02E005,CRG
S02E006,AN
S02E006,CHU
S02E006,USI
S02E006,MOMO
S02E006,SHRF
S02E006,MM
S02E006,CRG
S02E006,TDW
S02E007,AN
S02E007,CHU
S02E007,USI
S02E007,BRAG
S02E007,CS
S02E007,KH
S02E007,MM
S02E007,CRG
S02E008,AN
S02E008,CHU
S02E008,USI
S02E008,DRIP
S02E008,MM
S02E008,CRG
S02E009,AN
S02E009,CHU
S02E009,USI
S02E009,FIG
S02E009,MAPL
S02E009,GLNW
S02E009,MM
S02E009,CRG
S02E010,AN
S02E010,CHU
S02E010,USI
S02E010,BRO
S02E010,CRG
S02E011,AN
S02E011,CHU
S02E011,USI
S02E011,SPDR
S02E011,MM
S02E011,CRG
S02E012,AN
S02E012,CHU
S02E012,USI
S02E012,DAPH
S02E012,MM
S02E012,CRG
S02E013,AN
S02E013,CHU
S02E013,USI
S02E013,HRGL
S02E013,DAPH
S02E013,MM
S02E013,CRG
S02E014,AN
S02E014,CHU
S02E014,USI
S02E014,DQ
S02E014,CABL
S02E014,MM
S02E014,CRG
S02E015,AN
S02E015,CHU
S02E015,USI
S02E015,FLW
S02E015,MM
S02E015,CRG
S02E016,AN
S02E016,CHU
S02E016,USI
S02E016,TOM
S02E016,BRAG
S02E016,BLEM
S02E016,MM
S02E016,CRG
S02E017,AN
S02E017,CHU
S02E017,USI
S02E017,BRAG
S02E017,BLEM
S02E017,PTR
S02E017,BW
S02E017,META
S02E017,BUNG
S02E017,MM
S02E017,CRG
S02E018,AN
S02E018,CHU
S02E018,USI
S02E018,BLEM
S02E018,SACK
S02E018,MM
S02E018,CRG
S02E019,AN
S02E019,CHU
S02E019,USI
S02E019,MOMO
S02E019,CRG
S02E019,TWO
S02E020,AN
S02E020,CHU
S02E020,USI
S02E020,KROM
S02E020,MM
S02E020,CRG
S02E020,TWO
S02E021,AN
S02E021,CHU
S02E021,USI
S02E021,FULS
S02E021,MM
S02E021,CRG
S02E021,TWO
S02E022,AN
S02E022,CHU
S02E022,USI
S02E022,JAYM
S02E022,SAYM
S02E022,MM
S02E022,CRG
S02E023,AN
S02E023,CHU
S02E023,USI
S02E023,RCKY
S02E023,MM
S02E023,CRG
S02E024,AN
S02E024,CHU
S02E024,USI
S02E024,FLW
S02E024,WTCH
S02E024,META
S02E024,BUNG
S02E024,MM
S02E024,CRG
S02E025,AN
S02E025,CHU
S02E025,USI
S02E025,RAVN
S02E025,BWYN
S02E025,TMBO
S02E025,MATT
S02E025,JHG
S02E025,MM
S02E025,CRG
S02E026,AN
S02E026,CHU
S02E026,USI
S02E026,CRG
S02E026,TWO
S02E027,AN
S02E027,CHU
S02E027,USI
S02E027,ETER
S02E027,MM
S02E027,CRG
S02E028,AN
S02E028,CHU
S02E028,USI
S02E028,FAUN
S02E028,TOM
S02E028,ACRN
S02E028,THRK
S02E028,TWRL
S02E028,GIRL
S02E028,MM
S02E028,CRG
S02E029,AN
S02E029,CHU
S02E029,USI
S02E029,GARY
S02E029,CRG
S02E030,AN
S02E030,CHU
S02E030,USI
S02E030,NGB
S02E030,TOM
S02E030,MM
S02E030,CRG
S02E031,AN
S02E031,CHU
S02E031,USI
S02E031,DWS
S02E031,DQ
S02E031,BORG
S02E031,MM
S02E031,CRG
S02E032,AN
S02E032,CHU
S02E032,USI
S02E032,BRAG
S02E032,DRIP
S02E032,WTCH
S02E032,EPIG
S02E032,CLWN
S02E032,TOM
S02E032,MM
S02E032,CRG
S02E032,LORD
S02E033,AN
S02E033,CHU
S02E033,USI
S02E033,DRIP
S02E033,MM
S02E034,AN
S02E034,CHU
S02E034,USI
S02E034,PULC
S02E034,MM
S02E035,AN
S02E035,CHU
S02E035,USI
S02E035,BRTH
S02E035,SADB
S02E035,BUNG
S02E035,MM
S02E035,TDW
S02E036,AN
S02E036,CHU
S02E036,USI
S02E036,CRGD
S02E036,MM
S02E036,CRG
S02E037,AN
S02E037,CHU
S02E037,USI
S02E037,BWYN
S02E037,MM
S02E037,CRG
S02E038,AN
S02E038,CHU
S02E038,USI
S02E038,CHST
S02E038,MM
S02E038,CRG
S02E039,AN
S02E039,CHU
S02E039,USI
S02E039,NYMB
S02E039,GRUN
S02E039,CRG
S02E040,AN
S02E040,CHU
S02E040,USI
S02E040,PATI
S02E040,MM
S02E040,CRG
S02E041,AN
S02E041,CHU
S02E041,USI
S02E041,CERU
S02E041,AZUR
S02E041,LION
S02E041,TOM
S02E041,MM
S02E041,CRG
S02E042,AN
S02E042,CHU
S02E042,USI
S02E042,WADE
S02E042,WOTW
S02E042,CONV
S02E042,MM
S02E042,CRG
S02E043,AN
S02E043,CHU
S02E043,USI
S02E043,BERT
S02E043,CRG
S02E044,AN
S02E044,CHU
S02E044,USI
S02E044,CNRD
S02E044,DK
S02E044,NYMB
S02E044,MM
S02E044,CRG
S02E044,TDW
S02E045,AN
S02E045,CHU
S02E045,USI
S02E045,TOM
S02E045,MM
S02E045,CRG
S02E046,AN
S02E046,CHU
S02E046,USI
S02E046,JAK
S02E046,SWRD
S02E046,MOMO
S02E046,TOM
S02E046,MM
S02E046,CRG
S02E047,AN
S02E047,CHU
S02E047,USI
S02E047,LB
S02E047,MM
S02E047,CRG
S02E048,AN
S02E048,CHU
S02E048,USI
S02E048,BW
S02E048,MM
S02E048,CRG
S02E048,TWO
S02INT1,ANK
S02INT1,DTD
S02INT1,USIK
S02INT1,FLWK
S02INT1,BLMK
S02INT1,MM
S02INT1,CRG
S02E049,AN
S02E049,CHU
S02E049,USI
S02E049,WNKY
S02E049,GNCH
S02E049,MM
S02E049,CRG
S02E049,TRIC
S02E050,AN
S02E050,CHU
S02E050,USI
S02E050,ALEX
S02E050,PJV
S02E050,SPTX
S02E050,MM
S02E050,CRG
S02E050,TRIC
S02E051,AN
S02E051,CHU
S02E051,USI
S02E051,SQBT
S02E051,CHST
S02E051,TLBT
S02E051,DEAR
S02E051,MM
S02E051,CRG
S02E051,TRIC
S02E051,TWO
S02E052,AN
S02E052,CHU
S02E052,USI
S02E052,BEAR
S02E052,MM
S02E052,CRG
S02E052,TRIC
S02E053,AN
S02E053,CHU
S02E053,USI
S02E053,META
S02E053,CHST
S02E053,CRG
S02E054,AN
S02E054,CHU
S02E054,USI
S02E054,MGRM
S02E054,MBLM
S02E054,MM
S02E054,CRG
S02E054,TRIC
S02E055,AN
S02E055,CHU
S02E055,USI
S02E055,MGRM
S02E055,MBLM
S02E055,MM
S02E055,CRG
S02E055,TRIC
S02E056,AN
S02E056,CHU
S02E056,USI
S02E056,MGRM
S02E056,MBLM
S02E056,JTM
S02E056,MM
S02E056,TRIC
S02E057,AN
S02E057,CHU
S02E057,USI
S02E057,JTR
S02E057,MM
S02E057,TRIC
S02E057,TWO
S02E058,AN
S02E058,CHU
S02E058,USI
S02E058,GTGL
S02E058,GWEN
S02E058,ENDO
S02E058,TODD
S02E058,MM
S02E058,CRG
S02E059,AN
S02E059,CHU
S02E059,USI
S02E059,ACTB
S02E059,MM
S02E059,CRG
S02E059,TRIC
S02E059,DREW
S02E060,AN
S02E060,CHU
S02E060,USI
S02E060,FAUN
S02E060,JSH2
S02E060,ACTB
S02E060,MM
S02E060,CRG
S02E060,TRIC
S02E061,AN
S02E061,CHU
S02E061,USI
S02E061,ARNO
S02E061,SOUL
S02E061,CRG
S02E061,TRIC
S02E062,AN
S02E062,CHU
S02E062,USI
S02E062,SCHN
S02E062,SNKE
S02E062,CRG
S02E062,TRIC
S02E063,AN
S02E063,CHU
S02E063,USI
S02E063,GENI
S02E063,CRG
S02E063,TRIC
S02E063,DREW
S02E064,AN
S02E064,CHU
S02E064,USI
S02E064,SCHL
S02E064,GLOR
S02E064,SCTT
S02E064,CRG
S02E064,TRIC
S02E065,AN
S02E065,CHU
S02E065,USI
S02E065,AXEL
S02E065,CHAB
S02E065,BUNB
S02E065,MM
S02E065,CRG
S02E065,TRIC
S02E066,AN
S02E066,CHU
S02E066,USI
S02E066,DART
S02E066,BRMP
S02E066,MM
S02E066,TRIC
S02E067,AN
S02E067,CHU
S02E067,USI
S02E067,MEL
S02E067,MORT
S02E067,WNKY
S02E067,MM
S02E067,CRG
S02E068,AN
S02E068,CHU
S02E068,USI
S02E068,BRAG
S02E068,WNKY
S02E068,MM
S02E068,TRIC
S02E069,AN
S02E069,CHU
S02E069,USI
S02E069,CHST
S02E069,MM
S02E070,FLW
S02E070,MOMO
S02E070,SHRF
S02E070,TRIC
S02E071,AN
S02E071,CHU
S02E071,USI
S02E071,HONY
S02E071,MM
S02E072,AN
S02E072,CHU
S02E072,USI
S02E072,DRIP
S02E072,MM
S02E072,CRG
S02E072,TRIC
S02E073,AN
S02E073,CHU
S02E073,USI
S02E073,GLOB
S02E073,MAMA
S02E073,MM
S02E073,CRG
S02E073,TRIC
S02E073,DREW
S02E074,AN
S02E074,CHU
S02E074,USI
S02E074,PIM
S02E074,GERM
S02E074,EPIG
S02E074,MM
S02E074,CRG
S02E075,AN
S02E075,CHU
S02E075,USI
S02E075,OB
S02E075,MM
S02E075,CRG
S02E076,AN
S02E076,CHU
S02E076,USI
S02E076,ACTB
S02E076,MM
S02E076,CRG
S02E077,AN
S02E077,CHU
S02E077,USI
S02E077,CHST
S02E077,DORY
S02E077,TOD2
S02E077,CRG
S02E078,AN
S02E078,CHU
S02E078,USI
S02E078,HUNG
S02E078,MM
S02E078,CRG
S02E078,TRIC
S02E079,AN
S02E079,CHU
S02E079,USI
S02E079,DOPL
S02E079,MM
S02E079,CRG
S02E079,TRIC
S02E080,AN
S02E080,CHU
S02E080,USI
S02E080,MOMO
S02E080,MM
S02E080,CRG
S02E080,TRIC
S02E080,TDW
S02E081,AN
S02E081,CHU
S02E081,USI
S02E081,STCK
S02E081,CRG
S02E082,AN
S02E082,CHU
S02E082,USI
S02E082,DORM
S02E082,EUGM
S02E082,MM
S02E082,TRIC
S02E082,CRG
S02E083,AN
S02E083,CHU
S02E083,USI
S02E083,BLEM
S02E083,MM
S02E083,TRIC
S02E084,AN
S02E084,CHU
S02E084,USI
S02E084,KBLD
S02E084,CRG
S02E085,CHU
S02E085,USI
S02E085,MOMO
S02E085,JAYM
S02E085,SAYM
S02E085,MM
S02E085,TRIC
S02E085,CRG
S02E086,AN
S02E086,CHU
S02E086,USI
S02E086,SARA
S02E086,SPTX
S02E086,FBLM
S02E086,MM
S02E086,TRIC
S02E086,CRG
S02E087,AN
S02E087,CHU
S02E087,USI
S02E087,SPTX
S02E087,GREG
S02E087,BALY
S02E087,LRLI
S02E087,DRDW
S02E087,SCOT
S02E088,AN
S02E088,CHU
S02E088,USI
S02E088,LB
S02E088,MM
S02E088,TRIC
S02E088,CRG
S02E089,AN
S02E089,CHU
S02E089,USI
S02E089,KROM
S02E089,FLW
S02E089,GERM
S02E089,MM
S02E090,AN
S02E090,CHU
S02E090,USI
S02E090,ACTB
S02E090,JTM
S02E090,RHAP
S02E090,FLW
S02E090,BPPL
S02E090,MM
S02E090,TRIC
S02E090,CRG
S02BON1,AN
S02BON1,CHU
S02BON1,USI
S02BON1,CRG
S02E091,AN
S02E091,CHU
S02E091,USI
S02E091,BRAG
S02E091,CRG
S02E092,AN
S02E092,CHU
S02E092,USI
S02E092,TLBT
S02E092,MM
S02E092,TRIC
S02E092,CRG
S02E092,TWO
S02E093,AN
S02E093,CHU
S02E093,USI
S02E093,WEWO
S02E093,MM
S02E094,AN
S02E094,CHU
S02E094,USI
S02E094,MOTH
S02E094,JOEF
S02E094,MM
S02E094,TRIC
S02E094,TCRG
S02E095,AN
S02E095,CHU
S02E095,USI
S02E095,FONT
S02E095,PEPR
S02E095,TCRG
S02E096,AN
S02E096,CHU
S02E096,USI
S02E096,TOM
S02E096,FSPR
S02E096,MM
S02E096,TRIC
S02E097,AN
S02E097,CHU
S02E097,USI
S02E097,ELNR
S02E097,MM
S02E097,TRIC
S02E097,CRG
S02INT2,ANS
S02INT2,ANGL
S02INT2,DRUZ
S02INT2,SARA
S02INT2,MM
S02INT2,TRIC
S02INT2,CRG
S02INT2,HTQ
S02E098,AN
S02E098,CHU
S02E098,USI
S02E098,HUNG
S02E098,EPIG
S02E098,ELNR
S02E098,BRAG
S02E098,SCHN
S02E098,SNKE
S02E098,CERU
S02E098,AZUR
S02E098,GERM
S02E098,CABL
S02E098,FLW
S02E098,SWRD
S02E098,DON
S02E098,MALH
S02E098,HTQ
S02E098,DREW
S02E098,TWO
S02E099,AN
S02E099,CHU
S02E099,USI
S02E099,SPRT
S02E099,SQBT
S02E099,BRAG
S02E099,HTQ
S02E099,MM
S02E100,AN
S02E100,CHU
S02E100,USI
S02E100,RICK
S02E100,FLW
S02E100,OOZE
S02E100,AXEL
S02E100,CHAB
S02E100,BRAG
S02E100,DAPH
S02E100,MM
S02E101,AN
S02E101,CHU
S02E101,USI
S02E101,BRAG
S02E101,DRIP
S02E101,WTCH
S02E101,BLEM
S02E101,BTRL
S02E101,MM